Epoch,Train Loss,Valid Loss,Train Accuracy,Train F1,Test Accuracy,Test F1
1.0,0.6321475662899921,0.6326068774413864,92.73495046206615,0.9133798251164571,91.79707890134844,0.9007135508407628
2.0,0.6221407263047414,0.6308240194508488,93.17048945699516,0.9224958897818374,91.95144094940784,0.9072969233279342
3.0,0.6187284483276145,0.6331011696412228,93.52521314266679,0.9251032811408747,91.74914542326682,0.9033290382200837
4.0,0.6163915974840646,0.6306077752484622,93.73588816641785,0.9289050822424715,91.96058080751662,0.9075317243569039
5.0,0.6151367603579483,0.6323914149020438,93.89751878493257,0.9298337778372653,91.78164269654249,0.9048988205749436
