Epoch,Train Loss,Valid Loss,Train Accuracy,Train F1,Test Accuracy,Test F1
1.0,0.6180115967483046,0.6180015095851829,93.96352823600537,0.9295299570126564,93.28850063674345,0.9200325101216551
2.0,0.6088579858756564,0.6189099428914977,94.0680946094338,0.932361236059888,93.19527408403388,0.9202761838298384
3.0,0.6046348987503858,0.6165734576834948,94.980505620057,0.9435978986450664,93.40549082053585,0.9239405045807082
4.0,0.6025679292318334,0.6166463692492291,95.21585707411566,0.9457408404982394,93.42945755957665,0.9239301876209284
5.0,0.6001789682098777,0.6170329052931184,95.08939036878925,0.9452411365707242,93.37908678599936,0.9234914130512246
